ID,Name,Age,City,Country,Email,Phone,Status
1,Alice,30,New York,USA,alice@example.com,1234567890,Active
2,Bob,25,Berlin,Germany,bob@example.com,2345678901,Inactive
3,Charlie,35,Paris,France,charlie@example.com,3456789012,Active
3,Charlie,35,Paris,France,charlie@example.com,3456789012,Active
3,Charlie,35,Paris,France,charlie@example.com,3456789012,Active
3,Charlie,35,Paris,France,charlie@example.com,3456789012,Active
3,Charlie,35,Paris,France,charlie@example.com,3456789012,Active
3,Charlie,35,Paris,France,charlie@example.com,3456789012,Active
3,Charlie,35,Paris,France,charlie@example.com,3456789012,Active
3,Charlie,35,Paris,France,charlie@example.com,3456789012,Active
3,Charlie,35,Paris,France,charlie@example.com,3456789012,Active
3,Charlie,35,Paris,France,charlie@example.com,3456789012,Active
3,Charlie,35,Paris,France,charlie@example.com,3456789012,Active
3,Charlie,35,Paris,France,charlie@example.com,3456789012,Active
3,Charlie,35,Paris,France,charlie@example.com,3456789012,Active
3,Charlie,35,Paris,France,charlie@example.com,3456789012,Active
3,Charlie,35,Paris,France,charlie@example.com,3456789012,Active
3,Charlie,35,Paris,France,charlie@example.com,3456789012,Active
3,Charlie,35,Paris,France,charlie@example.com,3456789012,Active
3,Charlie,35,Paris,France,charlie@example.com,3456789012,Active
3,Charlie,35,Paris,France,charlie@example.com,3456789012,Active
3,Charlie,35,Paris,France,charlie@example.com,3456789012,Active
3,Charlie,35,Paris,France,charlie@example.com,3456789012,Active
3,Charlie,35,Paris,France,charlie@example.com,3456789012,Active
3,Charlie,35,Paris,France,charlie@example.com,3456789012,Active
3,Charlie,35,Paris,France,charlie@example.com,3456789012,Active
3,Charlie,35,Paris,France,charlie@example.com,3456789012,Active
3,Charlie,35,Paris,France,charlie@example.com,3456789012,Active
3,Charlie,35,Paris,France,charlie@example.com,3456789012,Active
3,Charlie,35,Paris,France,charlie@example.com,3456789012,Active
3,Charlie,35,Paris,France,charlie@example.com,3456789012,Active
3,Charlie,35,Paris,France,charlie@example.com,3456789012,Active
3,Charlie,35,Paris,France,charlie@example.com,3456789012,Active
3,Charlie,35,Paris,France,charlie@example.com,3456789012,Active
3,Charlie,35,Paris,France,charlie@example.com,3456789012,Active
3,Charlie,35,Paris,France,charlie@example.com,3456789012,Active
3,Charlie,35,Paris,France,charlie@example.com,3456789012,Active
3,Charlie,35,Paris,France,charlie@example.com,3456789012,Active
3,Charlie,35,Paris,France,charlie@example.com,3456789012,Active
3,Charlie,35,Paris,France,charlie@example.com,3456789012,Active
3,Charlie,35,Paris,France,charlie@example.com,3456789012,Active
3,Charlie,35,Paris,France,charlie@example.com,3456789012,Active
3,Charlie,35,Paris,France,charlie@example.com,3456789012,Active
3,Charlie,35,Paris,France,charlie@example.com,3456789012,Active
3,Charlie,35,Paris,France,charlie@example.com,3456789012,Active
3,Charlie,35,Paris,France,charlie@example.com,3456789012,Active
3,Charlie,35,Paris,France,charlie@example.com,3456789012,Active
3,Charlie,35,Paris,France,charlie@example.com,3456789012,Active
3,Charlie,35,Paris,France,charlie@example.com,3456789012,Active
3,Charlie,35,Paris,France,charlie@example.com,3456789012,Active
3,Charlie,35,Paris,France,charlie@example.com,3456789012,Active
3,Charlie,35,Paris,France,charlie@example.com,3456789012,Active
3,Charlie,35,Paris,France,charlie@example.com,3456789012,Active
3,Charlie,35,Paris,France,charlie@example.com,3456789012,Active
3,Charlie,35,Paris,France,charlie@example.com,3456789012,Active
3,Charlie,35,Paris,France,charlie@example.com,3456789012,Active
3,Charlie,35,Paris,France,charlie@example.com,3456789012,Active
3,Charlie,35,Paris,France,charlie@example.com,3456789012,Active
3,Charlie,35,Paris,France,charlie@example.com,3456789012,Active
3,Charlie,35,Paris,France,charlie@example.com,3456789012,Active
3,Charlie,35,Paris,France,charlie@example.com,3456789012,Active
3,Charlie,35,Paris,France,charlie@example.com,3456789012,Active
3,Charlie,35,Paris,France,charlie@example.com,3456789012,Active
3,Charlie,35,Paris,France,charlie@example.com,3456789012,Active
3,Charlie,35,Paris,France,charlie@example.com,3456789012,Active
3,Charlie,35,Paris,France,charlie@example.com,3456789012,Active
3,Charlie,35,Paris,France,charlie@example.com,3456789012,Active
3,Charlie,35,Paris,France,charlie@example.com,3456789012,Active
3,Charlie,35,Paris,France,charlie@example.com,3456789012,Active
3,Charlie,35,Paris,France,charlie@example.com,3456789012,Active
3,Charlie,35,Paris,France,charlie@example.com,3456789012,Active
3,Charlie,35,Paris,France,charlie@example.com,3456789012,Active
3,Charlie,35,Paris,France,charlie@example.com,3456789012,Active
3,Charlie,35,Paris,France,charlie@example.com,3456789012,Active
3,Charlie,35,Paris,France,charlie@example.com,3456789012,Active
3,Charlie,35,Paris,France,charlie@example.com,3456789012,Active
3,Charlie,35,Paris,France,charlie@example.com,3456789012,Active
3,Charlie,35,Paris,France,charlie@example.com,3456789012,Active
3,Charlie,35,Paris,France,charlie@example.com,3456789012,Active
3,Charlie,35,Paris,France,charlie@example.com,3456789012,Active
3,Charlie,35,Paris,France,charlie@example.com,3456789012,Active
3,Charlie,35,Paris,France,charlie@example.com,3456789012,Active
3,Charlie,35,Paris,France,charlie@example.com,3456789012,Active
3,Charlie,35,Paris,France,charlie@example.com,3456789012,Active
3,Charlie,35,Paris,France,charlie@example.com,3456789012,Active
3,Charlie,35,Paris,France,charlie@example.com,3456789012,Active
3,Charlie,35,Paris,France,charlie@example.com,3456789012,Active
3,Charlie,35,Paris,France,charlie@example.com,3456789012,Active
3,Charlie,35,Paris,France,charlie@example.com,3456789012,Active
3,Charlie,35,Paris,France,charlie@example.com,3456789012,Active
3,Charlie,35,Paris,France,charlie@example.com,3456789012,Active
3,Charlie,35,Paris,France,charlie@example.com,3456789012,Active
3,Charlie,35,Paris,France,charlie@example.com,3456789012,Active
3,Charlie,35,Paris,France,charlie@example.com,3456789012,Active
3,Charlie,35,Paris,France,charlie@example.com,3456789012,Active
3,Charlie,35,Paris,France,charlie@example.com,3456789012,Active
3,Charlie,35,Paris,France,charlie@example.com,3456789012,Active
3,Charlie,35,Paris,France,charlie@example.com,3456789012,Active
3,Charlie,35,Paris,France,charlie@example.com,3456789012,Active
3,Charlie,35,Paris,France,charlie@example.com,3456789012,Active
3,Charlie,35,Paris,France,charlie@example.com,3456789012,Active
3,Charlie,35,Paris,France,charlie@example.com,3456789012,Active
3,Charlie,35,Paris,France,charlie@example.com,3456789012,Active
3,Charlie,35,Paris,France,charlie@example.com,3456789012,Active
3,Charlie,35,Paris,France,charlie@example.com,3456789012,Active
3,Charlie,35,Paris,France,charlie@example.com,3456789012,Active
3,Charlie,35,Paris,France,charlie@example.com,3456789012,Active
3,Charlie,35,Paris,France,charlie@example.com,3456789012,Active
3,Charlie,35,Paris,France,charlie@example.com,3456789012,Active
3,Charlie,35,Paris,France,charlie@example.com,3456789012,Active
3,Charlie,35,Paris,France,charlie@example.com,3456789012,Active
3,Charlie,35,Paris,France,charlie@example.com,3456789012,Active
3,Charlie,35,Paris,France,charlie@example.com,3456789012,Active
3,Charlie,35,Paris,France,charlie@example.com,3456789012,Active
3,Charlie,35,Paris,France,charlie@example.com,3456789012,Active
3,Charlie,35,Paris,France,charlie@example.com,3456789012,Active
3,Charlie,35,Paris,France,charlie@example.com,3456789012,Active
3,Charlie,35,Paris,France,charlie@example.com,3456789012,Active
3,Charlie,35,Paris,France,charlie@example.com,3456789012,Active
3,Charlie,35,Paris,France,charlie@example.com,3456789012,Active
3,Charlie,35,Paris,France,charlie@example.com,3456789012,Active
3,Charlie,35,Paris,France,charlie@example.com,3456789012,Active
3,Charlie,35,Paris,France,charlie@example.com,3456789012,Active
3,Charlie,35,Paris,France,charlie@example.com,3456789012,Active
3,Charlie,35,Paris,France,charlie@example.com,3456789012,Active
3,Charlie,35,Paris,France,charlie@example.com,3456789012,Active
3,Charlie,35,Paris,France,charlie@example.com,3456789012,Active
3,Charlie,35,Paris,France,charlie@example.com,3456789012,Active
3,Charlie,35,Paris,France,charlie@example.com,3456789012,Active
3,Charlie,35,Paris,France,charlie@example.com,3456789012,Active
3,Charlie,35,Paris,France,charlie@example.com,3456789012,Active
3,Charlie,35,Paris,France,charlie@example.com,3456789012,Active
3,Charlie,35,Paris,France,charlie@example.com,3456789012,Active
3,Charlie,35,Paris,France,charlie@example.com,3456789012,Active
3,Charlie,35,Paris,France,charlie@example.com,3456789012,Active
3,Charlie,35,Paris,France,charlie@example.com,3456789012,Active
3,Charlie,35,Paris,France,charlie@example.com,3456789012,Active
3,Charlie,35,Paris,France,charlie@example.com,3456789012,Active
3,Charlie,35,Paris,France,charlie@example.com,3456789012,Active
3,Charlie,35,Paris,France,charlie@example.com,3456789012,Active
3,Charlie,35,Paris,France,charlie@example.com,3456789012,Active
3,Charlie,35,Paris,France,charlie@example.com,3456789012,Active
3,Charlie,35,Paris,France,charlie@example.com,3456789012,Active
3,Charlie,35,Paris,France,charlie@example.com,3456789012,Active
3,Charlie,35,Paris,France,charlie@example.com,3456789012,Active
3,Charlie,35,Paris,France,charlie@example.com,3456789012,Active
3,Charlie,35,Paris,France,charlie@example.com,3456789012,Active
3,Charlie,35,Paris,France,charlie@example.com,3456789012,Active
3,Charlie,35,Paris,France,charlie@example.com,3456789012,Active
3,Charlie,35,Paris,France,charlie@example.com,3456789012,Active

